Segment Pair,SGS,SGS Dev,SGS Avg,SGS Std
1,0.7299519777297974,0.026883942740304145,0.7030680349894932,0.03039411118823814
2,0.6801904439926147,-0.022877590996878472,0.7030680349894932,0.03039411118823814
3,0.7227534055709839,0.01968537058149067,0.7030680349894932,0.03039411118823814
4,0.700811505317688,-0.0022565296718052297,0.7030680349894932,0.03039411118823814
5,0.7307435274124146,0.027675492422921333,0.7030680349894932,0.03039411118823814
6,0.716301679611206,0.013233644621712837,0.7030680349894932,0.03039411118823814
7,0.640723705291748,-0.06234432969774517,0.7030680349894932,0.03039411118823814
