Segment Pair,SGS,SGS Dev,SGS Avg,SGS Std
1,0.5060988664627075,-0.19643637963703697,0.7025352460997445,0.10323385442125507
2,0.6021631956100464,-0.1003720504896981,0.7025352460997445,0.10323385442125507
3,0.7946702837944031,0.09213503769465858,0.7025352460997445,0.10323385442125507
4,0.7222673296928406,0.019732083593096084,0.7025352460997445,0.10323385442125507
5,0.77713942527771,0.07460417917796547,0.7025352460997445,0.10323385442125507
6,0.705705463886261,0.0031702177865164938,0.7025352460997445,0.10323385442125507
7,0.8097021579742432,0.10716691187449867,0.7025352460997445,0.10323385442125507
