Segment Pair,SGS,SGS Dev,SGS Avg,SGS Std
1,0.7299519777297974,0.022155897957938042,0.7077960797718593,0.03597949774874152
2,0.6560587882995605,-0.051737291472298774,0.7077960797718593,0.03597949774874152
3,0.7174817323684692,0.009685652596609917,0.7077960797718593,0.03597949774874152
4,0.7053892016410828,-0.0024068781307765574,0.7077960797718593,0.03597949774874152
5,0.7764835953712463,0.06868751559938702,0.7077960797718593,0.03597949774874152
6,0.6840206980705261,-0.023775381701333198,0.7077960797718593,0.03597949774874152
7,0.6851865649223328,-0.022609514849526557,0.7077960797718593,0.03597949774874152
