Segment Pair,SGS,SGS Dev,SGS Avg,SGS Std
1,0.5060988664627075,-0.1952575104577201,0.7013563769204276,0.08264409252881408
2,0.754891037940979,0.05353466102055138,0.7013563769204276,0.08264409252881408
3,0.7624601125717163,0.06110373565128868,0.7013563769204276,0.08264409252881408
4,0.7262849807739258,0.024928603853498155,0.7013563769204276,0.08264409252881408
5,0.746211051940918,0.04485467502049034,0.7013563769204276,0.08264409252881408
6,0.7207942008972168,0.01943782397678917,0.7013563769204276,0.08264409252881408
7,0.6927543878555298,-0.008601989064897841,0.7013563769204276,0.08264409252881408
