Segment Pair,SGS,SGS Dev,SGS Avg,SGS Std
1,0.6021901369094849,-0.1112832758161757,0.7134734127256606,0.07863565636353012
2,0.6259777545928955,-0.08749565813276505,0.7134734127256606,0.07863565636353012
3,0.8038609027862549,0.09038749006059432,0.7134734127256606,0.07863565636353012
4,0.711872935295105,-0.0016004774305555802,0.7134734127256606,0.07863565636353012
5,0.7038894891738892,-0.0095839235517714,0.7134734127256606,0.07863565636353012
6,0.7734808325767517,0.06000741985109115,0.7134734127256606,0.07863565636353012
7,0.6474955677986145,-0.06597784492704606,0.7134734127256606,0.07863565636353012
8,0.8521195650100708,0.13864615228441024,0.7134734127256606,0.07863565636353012
9,0.7003735303878784,-0.013099882337782143,0.7134734127256606,0.07863565636353012
