Segment Pair,SGS,SGS Dev,SGS Avg,SGS Std
1,0.7135029435157776,0.02533543109893799,0.6881675124168396,0.05256385228471069
2,0.6335303783416748,-0.054637134075164795,0.6881675124168396,0.05256385228471069
3,0.7542970180511475,0.06612950563430786,0.6881675124168396,0.05256385228471069
4,0.6168750524520874,-0.0712924599647522,0.6881675124168396,0.05256385228471069
5,0.7434853911399841,0.05531787872314453,0.6881675124168396,0.05256385228471069
6,0.6673142910003662,-0.02085322141647339,0.6881675124168396,0.05256385228471069
