Segment Pair,SGS,SGS Dev,SGS Avg,SGS Std
1,0.5831557512283325,-0.06603808062417171,0.6491938318525042,0.05759885577385927
2,0.6628281474113464,0.013634315558842203,0.6491938318525042,0.05759885577385927
3,0.6355205774307251,-0.013673254421779135,0.6491938318525042,0.05759885577385927
4,0.7740190625190735,0.12482523066656925,0.6491938318525042,0.05759885577385927
5,0.6630196571350098,0.013825825282505533,0.6491938318525042,0.05759885577385927
6,0.606444239616394,-0.04274959223611019,0.6491938318525042,0.05759885577385927
7,0.619369387626648,-0.029824444225856284,0.6491938318525042,0.05759885577385927
