Segment Pair,SGS,SGS Dev,SGS Avg,SGS Std
1,0.5831557512283325,-0.06256304468427387,0.6457187959126064,0.08450288951399344
2,0.6546942591667175,0.008975463254111138,0.6457187959126064,0.08450288951399344
3,0.7623102068901062,0.11659141097749981,0.6457187959126064,0.08450288951399344
4,0.7595253586769104,0.11380656276430401,0.6457187959126064,0.08450288951399344
5,0.5335221290588379,-0.1121966668537685,0.6457187959126064,0.08450288951399344
6,0.5645784139633179,-0.08114038194928852,0.6457187959126064,0.08450288951399344
7,0.6622454524040222,0.016526656491415825,0.6457187959126064,0.08450288951399344
