Segment Pair,SGS,SGS Dev,SGS Avg,SGS Std
1,0.6566115021705627,-0.04140007495880127,0.698011577129364,0.04648287063695558
2,0.6744904518127441,-0.023521125316619873,0.698011577129364,0.04648287063695558
3,0.7629327774047852,0.06492120027542114,0.698011577129364,0.04648287063695558
