Segment Pair,SGS,SGS Dev,SGS Avg,SGS Std
1,0.6918126344680786,0.03779079232897076,0.6540218421391079,0.06875191073676788
2,0.5177431106567383,-0.13627873148236958,0.6540218421391079,0.06875191073676788
3,0.6921980381011963,0.03817619596208843,0.6540218421391079,0.06875191073676788
4,0.7178128957748413,0.06379105363573345,0.6540218421391079,0.06875191073676788
5,0.5904996395111084,-0.06352220262799946,0.6540218421391079,0.06875191073676788
6,0.6546887755393982,0.0006669334002903371,0.6540218421391079,0.06875191073676788
7,0.7133978009223938,0.05937595878328594,0.6540218421391079,0.06875191073676788
