Segment Pair,SGS,SGS Dev,SGS Avg,SGS Std
1,0.32447177171707153,-0.2201346712453025,0.544606442962374,0.16387271954948993
2,0.7574238777160645,0.21281743475369042,0.544606442962374,0.16387271954948993
3,0.6119971871376038,0.06739074417522972,0.544606442962374,0.16387271954948993
4,0.2961038053035736,-0.24850263765880043,0.544606442962374,0.16387271954948993
5,0.6630525588989258,0.11844611593655174,0.544606442962374,0.16387271954948993
6,0.6552814245223999,0.11067498156002586,0.544606442962374,0.16387271954948993
7,0.503914475440979,-0.040691967521395034,0.544606442962374,0.16387271954948993
