Segment Pair,SGS,SGS Dev,SGS Avg,SGS Std
1,0.4551694393157959,-0.04873062968254094,0.5039000689983368,0.04588969050990953
2,0.4571395814418793,-0.046760487556457564,0.5039000689983368,0.04588969050990953
3,0.5389358401298523,0.03503577113151546,0.5039000689983368,0.04588969050990953
4,0.5722929835319519,0.06839291453361507,0.5039000689983368,0.04588969050990953
5,0.4959625005722046,-0.007937568426132247,0.5039000689983368,0.04588969050990953
