Segment Pair,SGS,SGS Dev,SGS Avg,SGS Std
1,0.510008692741394,-0.0874558798968792,0.5974645726382732,0.07872616975736697
2,0.6982729434967041,0.10080837085843086,0.5974645726382732,0.07872616975736697
3,0.5827651023864746,-0.01469947025179863,0.5974645726382732,0.07872616975736697
4,0.604801595211029,0.007337022572755814,0.5974645726382732,0.07872616975736697
5,0.535045862197876,-0.06241871044039726,0.5974645726382732,0.07872616975736697
6,0.6964850425720215,0.09902046993374825,0.5974645726382732,0.07872616975736697
7,0.4842623770236969,-0.11320219561457634,0.5974645726382732,0.07872616975736697
8,0.6680749654769897,0.07061039283871651,0.5974645726382732,0.07872616975736697
