Segment Pair,SGS,SGS Dev,SGS Avg,SGS Std
1,0.7458152770996094,0.04743147747857235,0.698383799621037,0.04757259893781267
2,0.7627221941947937,0.06433839457375667,0.698383799621037,0.04757259893781267
3,0.6155498027801514,-0.08283399684088566,0.698383799621037,0.04757259893781267
4,0.7033705711364746,0.0049867715154375825,0.698383799621037,0.04757259893781267
5,0.7116261720657349,0.013242372444697836,0.698383799621037,0.04757259893781267
6,0.7000888586044312,0.0017050589833941254,0.698383799621037,0.04757259893781267
7,0.6495137214660645,-0.048870078154972574,0.698383799621037,0.04757259893781267
