Segment Pair,SGS,SGS Dev,SGS Avg,SGS Std
1,0.7458152770996094,0.018304186207907525,0.7275110908917019,0.08891095153628731
2,0.7308205366134644,0.003309445721762505,0.7275110908917019,0.08891095153628731
3,0.7078286409378052,-0.019682449953896675,0.7275110908917019,0.08891095153628731
4,0.6060870885848999,-0.12142400230680195,0.7275110908917019,0.08891095153628731
5,0.6581518650054932,-0.06935922588620869,0.7275110908917019,0.08891095153628731
6,0.9147155284881592,0.18720443759645733,0.7275110908917019,0.08891095153628731
7,0.7291586995124817,0.001647608620779839,0.7275110908917019,0.08891095153628731
