Segment Pair,SGS,SGS Dev,SGS Avg,SGS Std
1,0.5938801765441895,-0.07755598094728255,0.671436157491472,0.0454879811334189
2,0.749261736869812,0.07782557937834,0.671436157491472,0.0454879811334189
3,0.7272502183914185,0.05581406089994645,0.671436157491472,0.0454879811334189
4,0.671745777130127,0.00030961963865494546,0.671436157491472,0.0454879811334189
5,0.6542023420333862,-0.017233815458085777,0.671436157491472,0.0454879811334189
6,0.6230438947677612,-0.04839226272371078,0.671436157491472,0.0454879811334189
7,0.6565868258476257,-0.014849331643846275,0.671436157491472,0.0454879811334189
8,0.6954367160797119,0.024000558588239906,0.671436157491472,0.0454879811334189
9,0.6715177297592163,8.157226774430093e-05,0.671436157491472,0.0454879811334189
