Segment Pair,SGS,SGS Dev,SGS Avg,SGS Std
1,0.39282819628715515,-0.18291890621185303,0.5757471024990082,0.12941950040862404
2,0.6617645025253296,0.08601740002632141,0.5757471024990082,0.12941950040862404
3,0.6726486086845398,0.09690150618553162,0.5757471024990082,0.12941950040862404
