Segment Pair,JSD,JSD Dev,JSD Avg,JSD Std
1,0.8398362974139956,0.08791714222122693,0.7519191551927686,0.07027123596554473
2,0.7308378378504058,-0.02108131734236285,0.7519191551927686,0.07027123596554473
3,0.7273851925508648,-0.024533962641903884,0.7519191551927686,0.07027123596554473
4,0.593540171484236,-0.15837898370853265,0.7519191551927686,0.07027123596554473
5,0.8109031803458114,0.058984025153042796,0.7519191551927686,0.07027123596554473
6,0.7441583554292138,-0.007760799763554815,0.7519191551927686,0.07027123596554473
7,0.7832621204005527,0.03134296520778401,0.7519191551927686,0.07027123596554473
8,0.7854300860670693,0.03351093087430068,0.7519191551927686,0.07027123596554473
