Segment Pair,JSD,JSD Dev,JSD Avg,JSD Std
1,0.8581198714853427,0.06716195846131667,0.7909579130240261,0.08636791948170972
2,0.8651317370946726,0.07417382407064654,0.7909579130240261,0.08636791948170972
3,0.8283259170682363,0.03736800404421026,0.7909579130240261,0.08636791948170972
4,0.7298510685761116,-0.06110684444791448,0.7909579130240261,0.08636791948170972
5,0.8176271453151776,0.02666923229115148,0.7909579130240261,0.08636791948170972
6,0.7625922397119735,-0.02836567331205253,0.7909579130240261,0.08636791948170972
7,0.8585527360408255,0.06759482301679942,0.7909579130240261,0.08636791948170972
8,0.5786455957467754,-0.21231231727725064,0.7909579130240261,0.08636791948170972
9,0.8197749061771188,0.028816993153092718,0.7909579130240261,0.08636791948170972
