Segment Pair,JSD,JSD Dev,JSD Avg,JSD Std
1,0.7942626688433957,0.0,0.7942626688433957,0.0
