Segment Pair,JSD,JSD Dev,JSD Avg,JSD Std
1,0.7910832143947516,0.00893427005223335,0.7821489443425182,0.022614125452876287
2,0.7510879732077662,-0.031060971134752036,0.7821489443425182,0.022614125452876287
3,0.8042756454250373,0.022126701082519018,0.7821489443425182,0.022614125452876287
