Segment Pair,JSD,JSD Dev,JSD Avg,JSD Std
1,0.753290517899732,-0.0001812598781328889,0.7534717777778649,0.04451390114489123
2,0.8080803538571534,0.054608576079288484,0.7534717777778649,0.04451390114489123
3,0.6990444615767092,-0.05442731620115571,0.7534717777778649,0.04451390114489123
