Segment Pair,KLD,KLD Dev,KLD Avg,KLD Std
1,0.9414764174910214,0.18462900036101526,0.7568474171300061,0.1846290003610152
2,0.572218416768991,-0.18462900036101515,0.7568474171300061,0.1846290003610152
