Segment Pair,KLD,KLD Dev,KLD Avg,KLD Std
1,0.9414764174910214,0.09916665767409005,0.8423097598169313,0.09916665767409011
2,0.7431431021428412,-0.09916665767409016,0.8423097598169313,0.09916665767409011
