Segment Pair,KLD,KLD Dev,KLD Avg,KLD Std
1,0.8905225059002119,0.11593049591501703,0.7745920099851948,0.11593049591501708
2,0.6586615140701777,-0.11593049591501714,0.7745920099851948,0.11593049591501708
