Segment Pair,KLD,KLD Dev,KLD Avg,KLD Std
1,0.8905225059002119,0.0114830193539881,0.8790394865462238,0.0114830193539881
2,0.8675564671922357,-0.0114830193539881,0.8790394865462238,0.0114830193539881
