Segment Pair,KLD,KLD Dev,KLD Avg,KLD Std
1,0.8044366312240268,0.09556128871625857,0.7088753425077682,0.06758895308415999
2,0.6592426877055307,-0.04963265480223744,0.7088753425077682,0.06758895308415999
3,0.6629467085937473,-0.04592863391402091,0.7088753425077682,0.06758895308415999
