Segment Pair,KLD,KLD Dev,KLD Avg,KLD Std
1,0.7077953927918514,0.0046654091069398,0.7031299836849116,0.07682891966283531
2,0.7767582211295218,0.07362823744461011,0.7031299836849116,0.07682891966283531
3,0.6806615112554478,-0.022468472429463815,0.7031299836849116,0.07682891966283531
4,0.7998088680691008,0.09667888438418915,0.7031299836849116,0.07682891966283531
5,0.5875736188593,-0.1155563648256116,0.7031299836849116,0.07682891966283531
6,0.762078415484577,0.05894843179966536,0.7031299836849116,0.07682891966283531
7,0.6072338582045818,-0.09589612548032989,0.7031299836849116,0.07682891966283531
