Segment Pair,SGS,SGS Dev,SGS Avg,SGS Std
1,0.6986001133918762,-0.0008018811543782922,0.6994019945462545,0.07293187190326503
2,0.756975531578064,0.05757353703180945,0.6994019945462545,0.07293187190326503
3,0.773796558380127,0.07439456383387244,0.6994019945462545,0.07293187190326503
4,0.7607586979866028,0.06135670344034827,0.6994019945462545,0.07293187190326503
5,0.7023670673370361,0.00296507279078162,0.6994019945462545,0.07293187190326503
6,0.6959793567657471,-0.0034226377805074426,0.6994019945462545,0.07293187190326503
7,0.7154642939567566,0.01606229941050208,0.6994019945462545,0.07293187190326503
8,0.6769466996192932,-0.0224552949269613,0.6994019945462545,0.07293187190326503
9,0.5137296319007874,-0.18567236264546716,0.6994019945462545,0.07293187190326503
