Segment Pair,SGS,SGS Dev,SGS Avg,SGS Std
1,0.6986001133918762,0.038507772816552044,0.6600923405753242,0.05773642129465897
2,0.692129373550415,0.03203703297509086,0.6600923405753242,0.05773642129465897
3,0.6898428201675415,0.029750479592217327,0.6600923405753242,0.05773642129465897
4,0.7489835023880005,0.08889116181267631,0.6600923405753242,0.05773642129465897
5,0.5330373644828796,-0.12705497609244454,0.6600923405753242,0.05773642129465897
6,0.6621004343032837,0.0020080937279595146,0.6600923405753242,0.05773642129465897
7,0.6650749444961548,0.004982603920830608,0.6600923405753242,0.05773642129465897
8,0.617024302482605,-0.043068038092719196,0.6600923405753242,0.05773642129465897
9,0.6340382099151611,-0.026054130660163044,0.6600923405753242,0.05773642129465897
