Segment Pair,SGS,SGS Dev,SGS Avg,SGS Std
1,0.6660001873970032,-0.006235271692276001,0.6722354590892792,0.006235271692276001
2,0.6784707307815552,0.006235271692276001,0.6722354590892792,0.006235271692276001
