Segment Pair,SGS,SGS Dev,SGS Avg,SGS Std
1,0.7229799032211304,0.004159688949584961,0.7188202142715454,0.07332784847744564
2,0.6270047426223755,-0.09181547164916992,0.7188202142715454,0.07332784847744564
3,0.8064759969711304,0.08765578269958496,0.7188202142715454,0.07332784847744564
