Segment Pair,SGS,SGS Dev,SGS Avg,SGS Std
1,0.7413413524627686,-0.0011470062392098246,0.7424883587019784,0.030849805414207714
2,0.7136507034301758,-0.028837655271802598,0.7424883587019784,0.030849805414207714
3,0.7607591152191162,0.01827075651713783,0.7424883587019784,0.030849805414207714
4,0.8018380403518677,0.059349681649889297,0.7424883587019784,0.030849805414207714
5,0.7516535520553589,0.009165193353380507,0.7424883587019784,0.030849805414207714
6,0.7023476362228394,-0.040140722479139024,0.7424883587019784,0.030849805414207714
7,0.7258281111717224,-0.016660247530255967,0.7424883587019784,0.030849805414207714
