Segment Pair,JSD,JSD Dev,JSD Avg,JSD Std
1,0.7856900761009141,-0.016797520699241453,0.8024875968001556,0.012177200080731351
2,0.8075986867772835,0.005111089977127947,0.8024875968001556,0.012177200080731351
3,0.8141740275222686,0.011686430722113061,0.8024875968001556,0.012177200080731351
