Segment Pair,JSD,JSD Dev,JSD Avg,JSD Std
1,0.40984158507687857,-0.2638374716868072,0.6736790567636858,0.17883418763767583
2,0.4412820069685193,-0.23239704979516645,0.6736790567636858,0.17883418763767583
3,0.7463453254858603,0.07266626872217452,0.6736790567636858,0.17883418763767583
4,0.8128260214517875,0.13914696468810173,0.6736790567636858,0.17883418763767583
5,0.8557732866619154,0.18209422989822965,0.6736790567636858,0.17883418763767583
6,0.7760061149371542,0.10232705817346843,0.6736790567636858,0.17883418763767583
