Segment Pair,JSD,JSD Dev,JSD Avg,JSD Std
1,0.8536924891815939,0.100554153858744,0.7531383353228499,0.10597086660860025
2,0.7990973403013605,0.045959004978510576,0.7531383353228499,0.10597086660860025
3,0.6066251764855956,-0.14651315883725435,0.7531383353228499,0.10597086660860025
