Segment Pair,JSD,JSD Dev,JSD Avg,JSD Std
1,0.7609978137831636,0.02263548145360772,0.7383623323295558,0.06954335997269183
2,0.75617099199676,0.01780865966720413,0.7383623323295558,0.06954335997269183
3,0.8545781467516884,0.11621581442213258,0.7383623323295558,0.06954335997269183
4,0.8349833563642975,0.09662102403474171,0.7383623323295558,0.06954335997269183
5,0.6902522739044301,-0.048110058425125724,0.7383623323295558,0.06954335997269183
6,0.7522268867849102,0.013864554455354394,0.7383623323295558,0.06954335997269183
7,0.6565962709543284,-0.08176606137522746,0.7383623323295558,0.06954335997269183
8,0.6946406803540165,-0.043721651975539344,0.7383623323295558,0.06954335997269183
9,0.6448145700724083,-0.09354776225714756,0.7383623323295558,0.06954335997269183
