Segment Pair,JSD,JSD Dev,JSD Avg,JSD Std
1,0.8412602321802622,0.040887082477162884,0.8003731497030994,0.049125616794367846
2,0.795338502066301,-0.005034647636798395,0.8003731497030994,0.049125616794367846
3,0.8460022089701918,0.04562905926709249,0.8003731497030994,0.049125616794367846
4,0.8422079772086802,0.041834827505580874,0.8003731497030994,0.049125616794367846
5,0.7646691285676895,-0.035704021135409825,0.8003731497030994,0.049125616794367846
6,0.7127608492254719,-0.08761230047762747,0.8003731497030994,0.049125616794367846
