Segment Pair,JSD,JSD Dev,JSD Avg,JSD Std
1,0.6976744186046511,-0.02374102819429169,0.7214154467989428,0.06193357167525516
2,0.668171389330072,-0.05324405746887073,0.7214154467989428,0.06193357167525516
3,0.7367502659611593,0.015334819162216573,0.7214154467989428,0.06193357167525516
4,0.6388686140589841,-0.08254683273995866,0.7214154467989428,0.06193357167525516
5,0.8264571272539937,0.10504168045505091,0.7214154467989428,0.06193357167525516
6,0.7605708655847969,0.03915541878585416,0.7214154467989428,0.06193357167525516
