Segment Pair,SGS,SGS Dev,SGS Avg,SGS Std
1,0.7246571183204651,0.0054267048835754395,0.7192304134368896,0.013686277547271761
2,0.7004271745681763,-0.01880323886871338,0.7192304134368896,0.013686277547271761
3,0.7326069474220276,0.01337653398513794,0.7192304134368896,0.013686277547271761
