Segment Pair,KLD,KLD Dev,KLD Avg,KLD Std
1,0.2689130739948358,0.0,0.2689130739948358,0.0
