Segment Pair,KLD,KLD Dev,KLD Avg,KLD Std
1,0.6775537297235086,0.02231555528190121,0.6552381744416074,0.022315555281901156
2,0.6329226191597063,-0.0223155552819011,0.6552381744416074,0.022315555281901156
