Segment Pair,KLD,KLD Dev,KLD Avg,KLD Std
1,0.7801263943895578,-0.00047698137564300414,0.7806033757652008,0.0475805354400856
2,0.7225693137740523,-0.05803406199114847,0.7806033757652008,0.0475805354400856
3,0.8391144191319923,0.05851104336679147,0.7806033757652008,0.0475805354400856
