Segment Pair,SGS,SGS Dev,SGS Avg,SGS Std
1,0.5014644265174866,0.0,0.5014644265174866,0.0
