Segment Pair,JSD,JSD Dev,JSD Avg,JSD Std
1,0.8721329910780302,0.044536435593380386,0.8275965554846498,0.04875185485922574
2,0.8777267661378966,0.05013021065324674,0.8275965554846498,0.04875185485922574
3,0.7965352073116272,-0.03106134817302264,0.8275965554846498,0.04875185485922574
4,0.7639912574110451,-0.06360529807360471,0.8275965554846498,0.04875185485922574
