Segment Pair,JSD,JSD Dev,JSD Avg,JSD Std
1,0.5642771183789995,-0.08551379604010934,0.6497909144191089,0.09940847881931858
2,0.838486918771193,0.1886960043520841,0.6497909144191089,0.09940847881931858
3,0.5857244636639489,-0.06406645075515993,0.6497909144191089,0.09940847881931858
4,0.725087510850205,0.0752965964310961,0.6497909144191089,0.09940847881931858
5,0.5873740908051986,-0.06241682361391021,0.6497909144191089,0.09940847881931858
6,0.5977953840451081,-0.05199553037400073,0.6497909144191089,0.09940847881931858
