Segment Pair,JSD,JSD Dev,JSD Avg,JSD Std
1,0.7617659646196924,-0.02793790176940647,0.7897038663890988,0.11807045677734022
2,0.8922278162296093,0.1025239498405105,0.7897038663890988,0.11807045677734022
3,0.8768949972971676,0.08719113090806874,0.7897038663890988,0.11807045677734022
4,0.8422186135932049,0.052514747204106094,0.7897038663890988,0.11807045677734022
5,0.8222566920160321,0.03255282562693329,0.7897038663890988,0.11807045677734022
6,0.5428591145788864,-0.24684475181021248,0.7897038663890988,0.11807045677734022
