Segment Pair,JSD,JSD Dev,JSD Avg,JSD Std
1,0.8179279925713866,0.01868490721526961,0.799243085356117,0.06532752219261657
2,0.8701897360798112,0.07094665072369422,0.799243085356117,0.06532752219261657
3,0.6965033092296229,-0.1027397761264941,0.799243085356117,0.06532752219261657
4,0.8042404921600825,0.004997406803965543,0.799243085356117,0.06532752219261657
5,0.7611891921645412,-0.038053893191575816,0.799243085356117,0.06532752219261657
6,0.6869565670706345,-0.11228651828548253,0.799243085356117,0.06532752219261657
7,0.8556140987765615,0.05637101342044448,0.799243085356117,0.06532752219261657
8,0.851268333001499,0.05202524764538197,0.799243085356117,0.06532752219261657
9,0.8492980471509145,0.050054961794797515,0.799243085356117,0.06532752219261657
