Segment Pair,JSD,JSD Dev,JSD Avg,JSD Std
1,0.7401524197813677,-0.05090880178058743,0.7910612215619551,0.05055263915395702
2,0.8736803102021601,0.08261908864020495,0.7910612215619551,0.05055263915395702
3,0.787859082561069,-0.0032021390008861728,0.7910612215619551,0.05055263915395702
4,0.7234158001833969,-0.06764542137855822,0.7910612215619551,0.05055263915395702
5,0.7879086405347442,-0.0031525810272109434,0.7910612215619551,0.05055263915395702
6,0.851063829787234,0.06000260822527892,0.7910612215619551,0.05055263915395702
7,0.7456421903682738,-0.04541903119368129,0.7910612215619551,0.05055263915395702
8,0.8187674990773953,0.027706277515440192,0.7910612215619551,0.05055263915395702
