Segment Pair,JSD,JSD Dev,JSD Avg,JSD Std
1,0.5938314465032795,-0.04919941444860376,0.6430308609518832,0.0455936241795321
2,0.5613490717106818,-0.0816817892412014,0.6430308609518832,0.0455936241795321
3,0.6421889355917737,-0.0008419253601095189,0.6430308609518832,0.0455936241795321
4,0.6479242417626311,0.0048933808107478605,0.6430308609518832,0.0455936241795321
5,0.6335907777867247,-0.009440083165158542,0.6430308609518832,0.0455936241795321
6,0.7168916387080014,0.07386077775611821,0.6430308609518832,0.0455936241795321
7,0.6774836786541721,0.03445281770228892,0.6430308609518832,0.0455936241795321
8,0.6709870968978013,0.027956235945918118,0.6430308609518832,0.0455936241795321
