Segment Pair,JSD,JSD Dev,JSD Avg,JSD Std
1,0.6108841579528326,0.015987232219974112,0.5948969257328585,0.05718699631553996
2,0.6134944731055362,0.018597547372677714,0.5948969257328585,0.05718699631553996
3,0.6147005405370662,0.01980361480420778,0.5948969257328585,0.05718699631553996
4,0.5719837337667056,-0.022913191966152824,0.5948969257328585,0.05718699631553996
5,0.5755436557812066,-0.019353269951651875,0.5948969257328585,0.05718699631553996
6,0.5596031673219096,-0.03529375841094884,0.5948969257328585,0.05718699631553996
7,0.4998163085829299,-0.09508061714992855,0.5948969257328585,0.05718699631553996
8,0.7131493688146817,0.11825244308182326,0.5948969257328585,0.05718699631553996
