Segment Pair,JSD,JSD Dev,JSD Avg,JSD Std
1,0.9682785265408888,0.13975248319401812,0.8285260433468706,0.0880363465698694
2,0.8604047246609433,0.03187868131407268,0.8285260433468706,0.0880363465698694
3,0.7291779418060862,-0.09934810154078444,0.8285260433468706,0.0880363465698694
4,0.8307114859870288,0.002185442640158186,0.8285260433468706,0.0880363465698694
5,0.8252039639702634,-0.003322079376607223,0.8285260433468706,0.0880363465698694
6,0.871098560604802,0.04257251725793132,0.8285260433468706,0.0880363465698694
7,0.851063829787234,0.022537786440363416,0.8285260433468706,0.0880363465698694
8,0.6298061542644797,-0.1987198890823909,0.8285260433468706,0.0880363465698694
9,0.7369159474989325,-0.09161009584793811,0.8285260433468706,0.0880363465698694
10,0.9267336059450284,0.09820756259815777,0.8285260433468706,0.0880363465698694
11,0.8323308238390517,0.0038047804921810258,0.8285260433468706,0.0880363465698694
12,0.8805869552577105,0.052060911910839835,0.8285260433468706,0.0880363465698694
