Segment Pair,JSD,JSD Dev,JSD Avg,JSD Std
1,0.6108841579528326,-0.025555123522624124,0.6364392814754567,0.040908837357830796
2,0.6097229177226728,-0.026716363752783856,0.6364392814754567,0.040908837357830796
3,0.6885765034946661,0.05213722201920945,0.6364392814754567,0.040908837357830796
4,0.6636522446552934,0.02721296317983668,0.6364392814754567,0.040908837357830796
5,0.6141489944285106,-0.022290287046946133,0.6364392814754567,0.040908837357830796
6,0.5697942715404417,-0.06664500993501499,0.6364392814754567,0.040908837357830796
7,0.6381180818036404,0.0016788003281836827,0.6364392814754567,0.040908837357830796
8,0.6966170802055954,0.06017779873013873,0.6364392814754567,0.040908837357830796
