Segment Pair,JSD,JSD Dev,JSD Avg,JSD Std
1,0.6108841579528326,0.015987232219974112,0.5948969257328585,0.05718699631553997
2,0.613494473105536,0.018597547372677492,0.5948969257328585,0.05718699631553997
3,0.6147005405370665,0.019803614804208003,0.5948969257328585,0.05718699631553997
4,0.5719837337667056,-0.022913191966152824,0.5948969257328585,0.05718699631553997
5,0.5755436557812066,-0.019353269951651875,0.5948969257328585,0.05718699631553997
6,0.5596031673219095,-0.03529375841094895,0.5948969257328585,0.05718699631553997
7,0.4998163085829299,-0.09508061714992855,0.5948969257328585,0.05718699631553997
8,0.7131493688146817,0.11825244308182326,0.5948969257328585,0.05718699631553997
