Segment Pair,JSD,JSD Dev,JSD Avg,JSD Std
1,0.8013021671084324,-0.0166672208866826,0.817969387995115,0.07957975684681545
2,0.7048389948745785,-0.11313039312053652,0.817969387995115,0.07957975684681545
3,0.8819282853495131,0.06395889735439808,0.817969387995115,0.07957975684681545
4,0.7247503072093071,-0.09321908078580787,0.817969387995115,0.07957975684681545
5,0.8184652006418374,0.0004958126467223822,0.817969387995115,0.07957975684681545
6,0.95623743138376,0.13826804338864507,0.817969387995115,0.07957975684681545
7,0.8395738636057323,0.02160447561061729,0.817969387995115,0.07957975684681545
8,0.8754930871788744,0.057523699183759436,0.817969387995115,0.07957975684681545
9,0.8396193043677719,0.021649916372656897,0.817969387995115,0.07957975684681545
10,0.8189103733326665,0.000940985337551492,0.817969387995115,0.07957975684681545
11,0.8360890758530598,0.01811968785794482,0.817969387995115,0.07957975684681545
12,0.7296594154059142,-0.08830997258920081,0.817969387995115,0.07957975684681545
13,0.8212685357843154,0.003299147789200374,0.817969387995115,0.07957975684681545
14,0.8613702200592629,0.04340083206414791,0.817969387995115,0.07957975684681545
15,0.7554107529024294,-0.06255863509268556,0.817969387995115,0.07957975684681545
16,0.6857599710419136,-0.13220941695320143,0.817969387995115,0.07957975684681545
17,0.7606350652697847,-0.05733432272533023,0.817969387995115,0.07957975684681545
18,0.715487687548552,-0.10248170044656302,0.817969387995115,0.07957975684681545
19,0.7251469561383678,-0.09282243185674721,0.817969387995115,0.07957975684681545
20,0.8132921903879674,-0.004677197607147576,0.817969387995115,0.07957975684681545
21,0.7805875635436341,-0.03738182445148086,0.817969387995115,0.07957975684681545
22,0.6825055268945923,-0.13546386110052266,0.817969387995115,0.07957975684681545
23,0.900390728444093,0.08242134044897798,0.817969387995115,0.07957975684681545
24,0.8901345854735901,0.07216519747847516,0.817969387995115,0.07957975684681545
25,0.9268292682926832,0.10885988029756821,0.817969387995115,0.07957975684681545
26,0.7529962064738224,-0.06497318152129261,0.817969387995115,0.07957975684681545
27,0.8869205553765909,0.06895116738147589,0.817969387995115,0.07957975684681545
28,0.9335443248439014,0.11557493684878639,0.817969387995115,0.07957975684681545
29,0.9550545985852865,0.13708521059017154,0.817969387995115,0.07957975684681545
30,0.8648793964812196,0.046910008486104604,0.817969387995115,0.07957975684681545
