Segment Pair,JSD,JSD Dev,JSD Avg,JSD Std
1,0.8013021671084324,0.03521346873784159,0.7660886983705908,0.07019012663581556
2,0.7627884272572348,-0.003300271113355957,0.7660886983705908,0.07019012663581556
3,0.874081658501979,0.10799296013138826,0.7660886983705908,0.07019012663581556
4,0.8294646830982759,0.06337598472768513,0.7660886983705908,0.07019012663581556
5,0.811429961131616,0.045341262761025236,0.7660886983705908,0.07019012663581556
6,0.9062490946827261,0.14016039631213528,0.7660886983705908,0.07019012663581556
7,0.8428072068695671,0.07671850849897632,0.7660886983705908,0.07019012663581556
8,0.8340594377462996,0.06797073937570886,0.7660886983705908,0.07019012663581556
9,0.7732614130196155,0.007172714649024692,0.7660886983705908,0.07019012663581556
10,0.8030962054004375,0.037007507029846676,0.7660886983705908,0.07019012663581556
11,0.7280218696412813,-0.03806682872930944,0.7660886983705908,0.07019012663581556
12,0.6306529192751287,-0.13543577909546212,0.7660886983705908,0.07019012663581556
13,0.7708137743789834,0.004725076008392559,0.7660886983705908,0.07019012663581556
14,0.7865577976551704,0.020469099284579628,0.7660886983705908,0.07019012663581556
15,0.7419855706524027,-0.024103127718188122,0.7660886983705908,0.07019012663581556
16,0.6340229139297715,-0.1320657844408193,0.7660886983705908,0.07019012663581556
17,0.6732627967709993,-0.09282590159959148,0.7660886983705908,0.07019012663581556
18,0.7447118724213795,-0.02137682594921131,0.7660886983705908,0.07019012663581556
19,0.662946533231729,-0.10314216513886176,0.7660886983705908,0.07019012663581556
20,0.653847770439668,-0.11224092793092277,0.7660886983705908,0.07019012663581556
21,0.6665443188463022,-0.09954437952428863,0.7660886983705908,0.07019012663581556
22,0.7715663762309007,0.0054776778603099485,0.7660886983705908,0.07019012663581556
23,0.747710878721215,-0.018377819649375793,0.7660886983705908,0.07019012663581556
24,0.7723488493177347,0.006260150947143939,0.7660886983705908,0.07019012663581556
25,0.812377640844892,0.046288942474301153,0.7660886983705908,0.07019012663581556
26,0.7240312969517263,-0.04205740141886449,0.7660886983705908,0.07019012663581556
27,0.7904451117184415,0.02435641334785066,0.7660886983705908,0.07019012663581556
28,0.842677708161232,0.0765890097906412,0.7660886983705908,0.07019012663581556
29,0.748204982680772,-0.017883715689818835,0.7660886983705908,0.07019012663581556
30,0.8413897144318061,0.07530101606121531,0.7660886983705908,0.07019012663581556
