Segment Pair,JSD,JSD Dev,JSD Avg,JSD Std
1,0.8398362974139956,0.08791714222122693,0.7519191551927686,0.07027123596554477
2,0.7308378378504056,-0.02108131734236307,0.7519191551927686,0.07027123596554477
3,0.7273851925508648,-0.024533962641903884,0.7519191551927686,0.07027123596554477
4,0.593540171484236,-0.15837898370853265,0.7519191551927686,0.07027123596554477
5,0.8109031803458117,0.05898402515304302,0.7519191551927686,0.07027123596554477
6,0.7441583554292138,-0.007760799763554815,0.7519191551927686,0.07027123596554477
7,0.7832621204005525,0.0313429652077839,0.7519191551927686,0.07027123596554477
8,0.7854300860670695,0.033510930874300904,0.7519191551927686,0.07027123596554477
