Segment Pair,JSD,JSD Dev,JSD Avg,JSD Std
1,0.7643432897981908,0.16744929443533707,0.5968939953628537,0.0745426211972719
2,0.6194352965662301,0.022541301203376385,0.5968939953628537,0.0745426211972719
3,0.5294941245156092,-0.06739987084724453,0.5968939953628537,0.0745426211972719
4,0.6416732139476112,0.04477921858475753,0.5968939953628537,0.0745426211972719
5,0.573731448398214,-0.023162546964639708,0.5968939953628537,0.0745426211972719
6,0.5600464550604699,-0.0368475403023838,0.5968939953628537,0.0745426211972719
7,0.5723706048722373,-0.02452339049061636,0.5968939953628537,0.0745426211972719
8,0.5140575297442671,-0.0828364656185866,0.5968939953628537,0.0745426211972719
