Segment Pair,JSD,JSD Dev,JSD Avg,JSD Std
1,0.7643432897981908,0.11831265430340432,0.6460306354947865,0.06306385738713796
2,0.6259915397218614,-0.020039095772925064,0.6460306354947865,0.06306385738713796
3,0.5571526378172577,-0.0888779976775288,0.6460306354947865,0.06306385738713796
4,0.6872616745208181,0.041231039026031646,0.6460306354947865,0.06306385738713796
5,0.7011955586168507,0.055164923122064224,0.6460306354947865,0.06306385738713796
6,0.599942006172849,-0.04608862932193747,0.6460306354947865,0.06306385738713796
7,0.5953452495455939,-0.050685385949192585,0.6460306354947865,0.06306385738713796
8,0.6370131277648703,-0.009017507729916163,0.6460306354947865,0.06306385738713796
