Segment Pair,JSD,JSD Dev,JSD Avg,JSD Std
1,0.753290517899732,0.033698628768452754,0.7195918891312792,0.02663491113704399
2,0.7173175379120784,-0.002274351219200832,0.7195918891312792,0.02663491113704399
3,0.6881676115820273,-0.03142427754925192,0.7195918891312792,0.02663491113704399
